No,Sector_score,LOCATION_ID,PARA_A,SCORE_A,PARA_B,SCORE_B,TOTAL,numbers,Marks,Money_Value,MONEY_Marks,District,Loss,LOSS_SCORE,History,History_score,Score,Risk
1,3.89,2,0,2,3.72,2,3.72,5,2,0,2,2,0,2,9,6,2.4,1
2,2.37,6,2.51,6,8.59,6,11.1,5.5,4,16.03,6,2,0,2,5,6,4.8,1
3,2.37,2,17.53,6,0,2,17.53,6.5,6,94.75,6,6,0,2,4,6,4.4,1
4,2.36,1,1.71,4,0,2,1.71,6.5,6,88.4,6,6,0,4,4,6,4.4,1
5,3.89,8,10,6,74.26,6,84.26,5.5,4,11.16,6,2,0,2,3,6,4.8,1
6,3.41,2,1.35,4,66.35,6,67.7,5.5,4,27.13,6,2,0,2,3,6,4.6,1
7,55.57,2,6.48,6,43.08,6,49.56,5,2,253.12,6,6,0,2,2,6,4.8,1
8,3.89,9,8.46,6,72.76,6,81.22,5,2,1.4,2,2,1,4,2,6,4.2,1
9,3.89,11,6.67,6,18.02,6,24.69,5.5,4,4.95,2,2,0,2,2,6,4.4,1
10,3.89,21,0,2,20.71,6,20.71,5,2,20.79,6,2,0,2,2,6,4,1
11,3.41,8,8.03,6,94.43,6,102.46,5.5,4,10.65,6,2,0,2,2,6,4.8,1
12,3.41,12,25.4,6,51.74,6,77.14,5,2,12.67,6,6,0,2,2,6,4.8,1
13,2.72,2,4.28,6,1264.63,6,1268.91,5.5,4,58.86,6,6,0,2,2,6,5.2,1
14,2.72,18,5.11,6,53.76,6,58.87,6,6,48.56,6,2,0,2,2,6,5.2,1
15,2.37,27,3.61,6,2.13,6,5.74,5,2,5.41,4,2,1,4,2,6,4.4,1
16,59.85,1,1.94,4,6.69,6,8.63,5.5,4,13.3,6,6,0,2,1,4,4.8,1
17,55.57,19,3.14,6,4.97,6,8.11,5,2,6.41,4,2,0,2,1,4,4,1
18,15.56,2,20.65,6,0,2,0,6,6,397.31,6,6,0,2,1,4,4.2,1
19,3.89,38,0,2,63.13,6,63.13,5,2,14.6,6,2,0,2,1,4,3.8,1
20,3.89,8,15.38,6,40.14,6,55.52,5,2,0.96,2,2,1,4,1,4,4,1
21,3.89,36,10.96,6,41.47,6,52.43,5,2,35.21,6,2,0,2,1,4,4.2,1
22,3.89,16,4.95,6,42.61,6,47.56,5,2,3.46,2,6,0,2,1,4,4.2,1
23,3.89,37,8.54,6,31.63,6,40.17,5,2,41.28,6,2,0,2,1,4,4.2,1
24,3.89,15,6.59,6,23.66,6,30.25,5,2,34.83,6,2,0,2,1,4,4.2,1
25,3.89,3,5.31,6,22.79,6,28.1,5,2,205.19,6,2,0,2,1,4,4.2,1
26,3.89,24,6.26,6,14.1,6,20.36,5,2,34.24,6,2,0,2,1,4,4.2,1
27,3.89,12,8.81,6,9.02,4,17.83,5,2,215.31,6,2,0,2,1,4,3.6,1
28,3.89,12,4.76,6,13.03,6,17.79,5,2,0.58,2,2,0,2,1,4,3.8,1
29,3.89,8,5.47,6,7.63,4,13.1,5,2,10.43,6,2,0,2,1,4,3.6,1
30,3.89,33,2.57,6,4.49,2,7.06,5,2,7.56,4,2,0,2,1,4,2.8,1
31,3.41,16,11.73,6,85.87,6,97.6,5,2,6.96,4,2,0,2,1,4,4,1
32,3.41,14,16.53,6,72.99,6,89.52,5,2,5.49,4,2,0,2,1,4,4,1
33,3.41,12,3.21,6,72.07,6,75.28,5,2,13.79,6,6,0,2,1,4,4.6,1
34,3.41,8,1.98,4,67.91,6,69.89,5.5,4,18.79,6,2,0,2,1,4,4.4,1
35,3.41,9,17.26,6,44.22,6,61.48,5,2,27.68,6,2,0,2,1,4,4.2,1
36,3.41,18,1.98,4,51.42,6,53.4,5.5,4,20.33,6,2,0,2,1,4,4.4,1
37,3.41,32,2,6,49.19,6,51.19,5,2,60.88,6,2,0,2,1,4,4.2,1
38,3.41,9,12.28,6,20.62,6,32.9,5,2,10.16,6,2,0,2,1,4,4.2,1
39,2.72,13,3.84,6,144.39,6,148.23,5,2,19.68,6,2,1,4,1,4,4.4,1
40,2.72,12,7.42,6,115.87,6,123.29,6,6,6.79,4,2,0,2,1,4,4.8,1
41,2.72,29,4.9,6,98.71,6,103.61,5.5,4,82.99,6,2,0,2,1,4,4.6,1
42,2.72,9,3.99,6,92.05,6,96.04,5,2,15.14,6,2,0,2,1,4,4.2,1
43,2.72,32,5.68,6,67.38,6,73.06,5,2,86.7,6,2,0,2,1,4,4.2,1
44,2.37,22,2.39,6,7.72,6,10.11,5,2,5.42,4,2,0,2,1,4,4,1
45,2.37,19,1.9,4,7.97,6,9.87,5,2,8.6,4,2,0,2,1,4,3.8,1
46,2.37,5,2.22,6,3.4,6,5.62,5,2,26.28,6,2,0,2,1,4,4.2,1
47,2.37,18,3.43,6,1,4,4.43,5.5,4,49.31,6,2,1,4,1,4,4.2,1
48,2.37,15,2.6,6,1.14,4,3.74,5,2,8.76,4,2,0,2,1,4,3.4,1
49,2.34,2,3.95,6,0,2,0,5.5,4,83.96,6,6,0,2,1,4,3.8,1
50,1.85,9,0.64,2,0.95,2,1.59,5,2,0,2,2,0,2,1,4,2.2,1
51,59.85,21,0.39,2,0.39,2,0.78,5,2,0.17,2,4,0,2,0,2,2.2,1
52,59.85,21,0.42,2,0,2,0.42,5,2,0,2,4,0,2,0,2,2.2,1
53,59.85,4,0.27,2,0,2,0.27,5,2,16.09,6,2,0,2,0,2,2.4,1
54,59.85,21,0.21,2,0,2,0.21,5,2,0.33,2,4,0,2,0,2,2.2,1
55,59.85,13,0.07,2,0,2,0.07,5,2,10.4,6,2,0,2,0,2,2.4,1
56,59.85,18,0,2,0,2,0,5,2,1.3,2,4,0,2,0,2,2.2,1
57,59.85,2,0,2,0,2,0,5,2,1.2,2,2,1,4,0,2,2.2,1
58,55.57,2,2.59,6,111.9,6,114.49,5,2,8.47,4,6,0,2,0,2,4.2,1
59,55.57,12,0,2,11.68,6,11.68,5,2,0,2,2,0,2,0,2,3.2,1
60,55.57,6,2.24,6,7.26,6,9.5,5,2,0.24,2,2,0,2,0,2,3.6,1
61,55.57,8,0.45,2,8.27,6,8.72,5,2,9.43,4,4,0,2,0,2,3.6,1
62,55.57,32,0,2,8.49,6,8.49,5,2,0.43,2,2,0,2,0,2,3.2,1
63,55.57,9,2.54,6,5.52,6,8.06,5,2,0.49,2,2,0,2,0,2,3.6,1
64,55.57,13,2.45,6,5.47,6,7.92,5,2,5.61,4,2,0,2,0,2,3.8,1
65,55.57,12,3.1,6,4.66,6,7.76,5,2,0.59,2,2,0,2,0,2,3.6,1
66,55.57,8,1.7,4,5.91,6,7.61,5,2,3.68,2,4,0,2,0,2,3.6,1
67,55.57,18,1.45,4,5.79,6,7.24,5,2,0.69,2,2,0,2,0,2,3.4,1
68,55.57,8,2.41,6,4.69,6,7.1,5,2,0.25,2,2,0,2,0,2,3.6,1
69,55.57,11,1.84,4,4.25,6,6.09,5,2,0.82,2,2,0,2,0,2,3.4,1
70,55.57,15,1.85,4,4.16,6,6.01,5,2,1.65,2,2,0,2,0,2,3.4,1
71,55.57,15,1.85,4,4.16,6,6.01,5,2,0.51,2,2,0,2,0,2,3.4,1
72,55.57,14,1.48,4,4.48,6,5.96,5,2,0,2,2,0,2,0,2,3.4,1
73,55.57,16,2.42,6,3.53,6,5.95,5,2,6.31,4,2,0,2,0,2,3.8,1
74,55.57,37,0.49,2,4.78,6,5.27,5,2,0,2,2,0,2,0,2,3.2,1
75,55.57,8,0,2,5.24,6,5.24,5,2,0,2,2,0,2,0,2,3.2,1
76,55.57,9,1.49,4,2.34,6,3.83,5,2,0.25,2,2,0,2,0,2,3.4,1
77,55.57,11,0.82,2,2.92,6,3.74,5,2,0,2,2,0,2,0,2,3.2,1
78,55.57,2,1.24,4,2.27,6,3.51,5,2,0,2,6,0,2,0,2,3.8,1
79,55.57,32,0.5,2,2.97,6,3.47,5,2,0.18,2,2,0,2,0,2,3.2,1
80,55.57,22,0,2,3.3,6,3.3,5,2,0,2,2,0,2,0,2,3.2,1
81,55.57,32,1.27,4,2,6,3.27,5,2,0.18,2,2,0,2,0,2,3.4,1
82,55.57,8,1.05,4,2.17,6,3.22,5,2,0,2,4,0,2,0,2,3.6,1
83,55.57,27,0,2,2.99,6,2.99,5,2,0.06,2,2,0,2,0,2,3.2,1
84,55.57,29,1.26,4,1.58,4,2.84,5,2,6.5,4,2,0,2,0,2,3,1
85,55.57,13,1.06,4,1.6,4,2.66,5,2,16.09,6,2,0,2,0,2,3.2,1
86,55.57,9,0.67,2,1.71,4,2.38,5,2,0,2,2,0,2,0,2,2.6,1
87,55.57,19,2.3,6,0,2,2.3,5,2,0,2,2,0,2,0,2,2.4,1
88,55.57,20,0.68,2,1.47,4,2.15,5,2,0,2,2,0,2,0,2,2.6,1
89,55.57,9,0.51,2,1.63,4,2.14,5,2,1.8,2,2,0,2,0,2,2.6,1
90,55.57,19,1.6,4,0.49,2,2.09,5,2,88.34,6,2,0,2,0,2,2.6,1
91,55.57,12,0.9,2,1.11,4,2.01,5,2,0,2,2,0,2,0,2,2.6,1
92,55.57,8,1.08,4,0.92,2,2,5,2,0.04,2,2,0,2,0,2,2.2,1
93,55.57,9,0,2,1.96,4,1.96,5,2,0.4,2,2,0,2,0,2,2.6,1
94,55.57,4,0.51,2,1.36,4,1.87,5,2,0,2,2,0,2,0,2,2.6,1
95,55.57,15,0.85,2,1,4,1.85,5,2,0.4,2,2,0,2,0,2,2.6,1
96,55.57,5,0.57,2,1.26,4,1.83,5,2,0.1,2,2,0,2,0,2,2.6,1
97,55.57,4,1.2,4,0.54,2,1.74,5,2,0.45,2,2,0,2,0,2,2.2,1
98,55.57,19,0,2,1.74,4,1.74,5,2,0,2,2,0,2,0,2,2.6,1
99,55.57,5,1.59,4,0.13,2,1.72,5,2,0.11,2,2,0,2,0,2,2.2,1
100,55.57,2,1.06,4,0.63,2,1.69,5,2,0.9,2,6,0,2,0,2,2.6,1
101,55.57,8,1.67,4,0,2,1.67,5,2,0.06,2,4,0,2,0,2,2.4,1
102,55.57,8,0.95,2,0.72,2,1.67,5,2,0,2,4,0,2,0,2,2.2,1
103,55.57,14,1.63,4,0,2,1.63,5,2,0,2,2,0,2,0,2,2.2,1
104,55.57,32,1.6,4,0,2,1.6,5,2,0,2,2,0,2,0,2,2.2,1
105,55.57,19,1.49,4,0,2,1.49,5,2,0,2,2,0,2,0,2,2.2,1
106,55.57,16,0.7,2,0.79,2,1.49,5.5,4,1.91,2,2,0,2,0,2,2.4,1
107,55.57,15,1.4,4,0.06,2,1.46,5,2,0,2,2,0,2,0,2,2.2,1
108,55.57,22,1.39,4,0,2,1.39,5,2,0,2,2,0,2,0,2,2.2,1
109,55.57,8,1.36,4,0,2,1.36,5,2,0,2,2,0,2,0,2,2.2,1
110,55.57,4,0,2,1.3,4,1.3,5,2,0,2,2,0,2,0,2,2.6,1
111,55.57,13,1.29,4,0,2,1.29,5,2,0,2,2,0,2,0,2,2.2,1
112,55.57,16,0,2,1.29,4,1.29,5,2,0,2,2,0,2,0,2,2.6,1
113,55.57,9,1.28,4,0,2,1.28,5,2,0.22,2,2,0,2,0,2,2.2,1
114,55.57,15,1.28,4,0,2,1.28,5,2,0,2,2,0,2,0,2,2.2,1
115,55.57,5,1.26,4,0,2,1.26,5,2,0,2,2,0,2,0,2,2.2,1
116,55.57,19,1.07,4,0.16,2,1.23,5,2,0,2,2,0,2,0,2,2.2,1
117,55.57,16,1.19,4,0,2,1.19,5,2,0,2,2,0,2,0,2,2.2,1
118,55.57,13,0,2,1.16,4,1.16,5,2,0,2,2,0,2,0,2,2.6,1
119,55.57,8,1.14,4,0,2,1.14,5,2,0,2,4,0,2,0,2,2.4,1
120,55.57,15,1.12,4,0,2,1.12,5,2,0,2,2,0,2,0,2,2.2,1
121,55.57,44,0.0006,2,1.11,4,1.1106,5,2,0,2,6,0,2,0,2,3,1
122,55.57,19,1.1,4,0,2,1.1,5,2,0,2,2,0,2,0,2,2.2,1
123,55.57,13,1.09,4,0,2,1.09,5,2,0,2,2,0,2,0,2,2.2,1
124,55.57,12,1.08,4,0,2,1.08,5,2,0,2,2,0,2,0,2,2.2,1
125,55.57,8,0.67,2,0.41,2,1.08,5,2,0.99,2,4,0,2,0,2,2.2,1
126,55.57,21,1.07,4,0,2,1.07,5,2,0,2,2,0,2,0,2,2.2,1
127,55.57,9,1.06,4,0,2,1.06,5,2,0,2,2,0,2,0,2,2.2,1
128,55.57,8,0.99,2,0,2,0.99,5,2,0,2,4,0,2,0,2,2.2,1
129,55.57,8,0.84,2,0,2,0.84,5,2,0,2,4,0,2,0,2,2.2,1
130,55.57,2,0.74,2,0,2,0.74,5,2,0,2,6,0,2,0,2,2.4,1
131,55.57,8,0.68,2,0,2,0.68,5,2,0,2,4,0,2,0,2,2.2,1
132,55.57,32,0.29,2,0.39,2,0.68,5.5,4,0.05,2,2,0,2,0,2,2.4,1
133,55.57,4,0.32,2,0,2,0.32,5,2,0,2,2,1,4,0,2,2.2,1
134,55.57,8,0.29,2,0,2,0.29,5,2,0,2,4,0,2,0,2,2.2,1
135,55.57,2,0,2,0,2,0,5.5,4,85.05,6,6,0,2,0,2,3.2,1
136,55.57,1,0,2,0,2,0,5,2,0,2,6,0,2,0,2,2.4,1
137,55.57,8,0,2,0,2,0,5,2,0,2,4,0,2,0,2,2.2,1
138,55.57,2,0,2,0,2,0,5,2,0,2,6,0,2,0,2,2.4,1
139,55.57,2,0,2,0,2,0,5,2,0,2,6,0,2,0,2,2.4,1
140,21.61,9,85,6,1.06,4,86.06,5,2,0,2,6,0,2,0,2,3.4,1
141,21.61,2,3.14,6,5.68,6,8.82,5.5,4,11.33,6,4,0,2,0,2,4.6,1
142,21.61,15,0.98,2,1.14,4,2.12,5,2,0,2,2,0,2,0,2,2.6,1
143,21.61,6,0.88,2,1.07,4,1.95,5,2,0.76,2,2,0,2,0,2,2.6,1
144,21.61,5,0.84,2,1.09,4,1.93,5,2,0,2,2,0,2,0,2,2.6,1
145,17.68,1,2.52,6,20.28,6,22.8,5,2,70.56,6,6,0,2,0,2,4.4,1
146,15.56,1,3.73,6,2.82,6,6.55,6,6,160.41,6,6,0,2,0,2,5.2,1
147,15.56,19,0,2,0,2,0,5,2,23.97,6,6,0,2,0,2,2.8,1
148,3.89,2,71.48,6,25.63,6,97.11,5,2,873.37,6,2,0,2,0,2,4,1
149,3.89,29,12.27,6,72.46,6,84.73,5,2,5.69,4,2,0,2,0,2,3.8,1
150,3.89,16,15.72,6,57.94,6,73.66,6,6,10.79,6,6,0,2,0,2,5.2,1
151,3.89,32,6.85,6,65.93,6,72.78,5.5,4,6.02,4,4,0,2,0,2,4.4,1
152,3.89,4,5.78,6,57.92,6,63.7,5,2,11.16,6,2,0,2,0,2,4,1
153,3.89,37,4.86,6,46.78,6,51.64,5.5,4,63.18,6,2,0,2,0,2,4.4,1
154,3.89,19,11.95,6,30.9,6,42.85,5,2,32.68,6,2,0,2,0,2,4,1
155,3.89,14,6.85,6,31.76,6,38.61,5,2,1.46,2,2,0,2,0,2,3.6,1
156,3.89,20,9.01,6,19.82,6,28.83,5,2,9.67,4,2,0,2,0,2,3.8,1
157,3.89,19,7.97,6,17.18,6,25.15,5,2,935.03,6,2,0,2,0,2,4,1
158,3.89,11,14.04,6,10.83,6,24.87,5,2,8.91,4,2,0,2,0,2,3.8,1
159,3.89,15,7.18,6,14.63,6,21.81,5,2,98.75,6,2,0,2,0,2,4,1
160,3.89,8,8.5,6,12.03,6,20.53,5.5,4,7.79,4,2,0,2,0,2,4.2,1
161,3.89,8,8.4,6,11.05,6,19.45,5.5,4,7.34,4,2,0,2,0,2,4.2,1
162,3.89,15,0.77,2,18.31,6,19.08,5,2,67.03,6,2,0,2,0,2,3.6,1
163,3.89,37,2.4,6,16.63,6,19.03,5,2,1.16,2,2,0,2,0,2,3.6,1
164,3.89,16,6.47,6,12.18,6,18.65,5,2,25.27,6,6,0,2,0,2,4.4,1
165,3.89,22,0,2,18.05,6,18.05,5,2,2.29,2,2,0,2,0,2,3.2,1
166,3.89,8,5.43,6,10.77,6,16.2,5,2,4.42,2,2,0,2,0,2,3.6,1
167,3.89,12,13.92,6,2.2,2,16.12,5,2,0.05,2,2,0,2,0,2,2.4,1
168,3.89,21,0,2,15.38,6,15.38,5,2,126.13,6,2,0,2,0,2,3.6,1
169,3.89,9,6.32,6,9.01,4,15.33,5,2,8.31,4,2,0,2,0,2,3.2,1
170,3.89,16,1.19,4,12.88,6,14.07,5,2,2.33,2,6,0,2,0,2,3.8,1
171,3.89,32,5.37,6,8.62,4,13.99,5,2,17.16,6,4,0,2,0,2,3.6,1
172,3.89,30,12.7,6,1.28,2,13.98,5,2,11.69,6,2,0,2,0,2,2.8,1
173,3.89,29,4.24,6,8.06,4,12.3,5,2,10.69,6,2,0,2,0,2,3.4,1
174,3.89,31,1.99,4,10.24,6,12.23,5,2,20.78,6,2,0,2,0,2,3.8,1
175,3.89,32,4.93,6,6.54,4,11.47,5.5,4,12.91,6,4,0,2,0,2,4,1
176,3.89,15,5.23,6,5.89,4,11.12,5,2,19.4,6,2,0,2,0,2,3.4,1
177,3.89,13,1.95,4,9.01,4,10.96,5,2,9,4,2,0,2,0,2,3,1
178,3.89,6,0,2,10.8,6,10.8,6,6,11.75,6,2,0,2,0,2,4.4,1
179,3.89,4,7.42,6,2.24,2,9.66,5,2,1.25,2,2,0,2,0,2,2.4,1
180,3.89,22,2.95,6,6.56,4,9.51,5,2,156.92,6,2,0,2,0,2,3.4,1
181,3.89,37,4.18,6,4.83,2,9.01,5.5,4,14.03,6,2,0,2,0,2,3.2,1
182,3.89,7,1.1,4,7.41,4,8.51,5,2,44.95,6,2,0,2,0,2,3.2,1
183,3.89,2,0,2,7.37,4,7.37,5,2,0.74,2,2,0,2,0,2,2.6,1
184,3.89,11,0,2,6.8,4,6.8,5,2,47.9,6,2,0,2,0,2,3,1
185,3.89,23,4.18,6,2.5,2,6.68,5,2,3.38,2,2,0,2,0,2,2.4,1
186,3.89,3,0.02,2,5.94,4,5.96,5,2,0.01,2,2,0,2,0,2,2.6,1
187,3.89,13,2.63,6,2.55,2,5.18,5,2,0,2,2,0,2,0,2,2.4,1
188,3.89,8,3.98,6,0.99,2,4.97,5,2,1.93,2,2,0,2,0,2,2.4,1
189,3.89,22,1.97,4,2.1,2,4.07,5,2,12.29,6,2,2,6,0,2,3,1
190,3.89,8,0,2,3.98,2,3.98,6,6,53.34,6,2,0,2,0,2,3.2,1
191,3.89,19,0,2,3.71,2,3.71,5,2,29.63,6,2,0,2,0,2,2.4,1
192,3.89,37,1.81,4,1.03,2,2.84,5,2,0,2,2,0,2,0,2,2.2,1
193,3.89,16,0,2,2.72,2,2.72,5,2,5.58,4,6,0,2,0,2,2.6,1
194,3.89,16,0,2,1.66,2,1.66,5,2,0.76,2,6,0,2,0,2,2.4,1
195,3.89,8,1.09,4,0.35,2,1.44,5,2,0,2,2,0,2,0,2,2.2,1
196,3.89,16,1.33,4,0,2,1.33,5,2,0.2,2,6,0,2,0,2,2.6,1
197,3.89,19,1.32,4,0,2,1.32,5,2,0.06,2,2,0,2,0,2,2.2,1
198,3.89,11,1.26,4,0.05,2,1.31,5,2,0,2,2,0,2,0,2,2.2,1
199,3.89,32,0.01,2,1.29,2,1.3,5.5,4,36.52,6,4,0,2,0,2,3,1
200,3.89,32,1.22,4,0.06,2,1.28,5,2,0,2,4,0,2,0,2,2.4,1
201,3.89,16,0,2,1.1,2,1.1,5,2,0,2,6,0,2,0,2,2.4,1
202,3.89,12,1.07,4,0,2,1.07,5,2,0,2,2,0,2,0,2,2.2,1
203,3.89,15,1,4,0,2,1,5,2,0.36,2,2,0,2,0,2,2.2,1
204,3.89,22,0,2,0.93,2,0.93,5,2,7.78,4,2,0,2,0,2,2.2,1
205,3.89,32,0,2,0.85,2,0.85,5,2,0,2,4,0,2,0,2,2.2,1
206,3.89,12,0,2,0.79,2,0.79,5,2,15.82,6,2,0,2,0,2,2.4,1
207,3.89,37,0,2,0.75,2,0.75,5,2,6.78,4,2,0,2,0,2,2.2,1
208,3.89,2,0.05,2,0.21,2,0.26,5.5,4,102.22,6,2,0,2,0,2,2.8,1
209,3.89,16,0,2,0.08,2,0.08,5,2,0.06,2,6,0,2,0,2,2.4,1
210,3.89,5,0,2,0.05,2,0.05,5,2,152.41,6,2,0,2,0,2,2.4,1
211,3.41,40,10.37,6,105.56,6,115.93,9,6,52.13,6,2,0,2,0,2,4.8,1
212,3.41,39,9.97,6,88.73,6,98.7,5,2,10.27,6,2,0,2,0,2,4,1
213,3.41,31,12.62,6,80.06,6,92.68,5.5,4,43.53,6,4,0,2,0,2,4.6,1
214,3.41,13,15.66,6,74.53,6,90.19,5,2,29.07,6,2,0,2,0,2,4,1
215,3.41,29,1.1,4,87.71,6,88.81,5.5,4,34.32,6,2,0,2,0,2,4.2,1
216,3.41,9,6.93,6,70.26,6,77.19,5,2,9.73,4,2,0,2,0,2,3.8,1
217,3.41,41,9.67,6,62.25,6,71.92,5.5,4,17.02,6,2,0,2,0,2,4.4,1
218,3.41,15,20.04,6,48.9,6,68.94,5,2,11.09,6,2,0,2,0,2,4,1
219,3.41,22,4.73,6,60.22,6,64.95,5,2,69.76,6,2,0,2,0,2,4,1
220,3.41,8,3.08,6,60.78,6,63.86,5,2,0.36,2,2,0,2,0,2,3.6,1
221,3.41,7,6.61,6,55.62,6,62.23,5,2,57.16,6,2,1,4,0,2,4.2,1
222,3.41,15,12.17,6,47,6,59.17,6,6,10.14,6,2,0,2,0,2,4.8,1
223,3.41,35,13.06,6,45.42,6,58.48,5,2,10.4,6,2,0,2,0,2,4,1
224,3.41,19,0.31,2,58.12,6,58.43,5,2,78.98,6,2,1,4,0,2,3.8,1
225,3.41,5,10,6,47.9,6,57.9,5,2,7.7,4,2,0,2,0,2,3.8,1
226,3.41,31,16.36,6,41.1,6,57.46,5,2,12.03,6,4,0,2,0,2,4.2,1
227,3.41,16,12.68,6,41,6,53.68,5.5,4,11.88,6,2,0,2,0,2,4.4,1
228,3.41,22,5.15,6,44.67,6,49.82,5.5,4,21.07,6,2,0,2,0,2,4.4,1
229,3.41,34,4.25,6,45.51,6,49.76,5.5,4,8.2,4,2,0,2,0,2,4.2,1
230,3.41,22,2.7,6,45.16,6,47.86,5,2,37.79,6,2,0,2,0,2,4,1
231,3.41,19,1.64,4,46.21,6,47.85,5,2,2.45,2,2,0,2,0,2,3.4,1
232,3.41,19,1.21,4,43.84,6,45.05,5.5,4,31.61,6,2,0,2,0,2,4.2,1
233,3.41,42,3.77,6,40.86,6,44.63,5,2,18,6,2,0,2,0,2,4,1
234,3.41,32,12.54,6,31.62,6,44.16,5,2,54.07,6,2,0,2,0,2,4,1
235,3.41,16,3.34,6,37.59,6,40.93,5,2,26.95,6,2,0,2,0,2,4,1
236,3.41,39,1.52,4,37.33,6,38.85,5.5,4,63.7,6,2,0,2,0,2,4.2,1
237,3.41,29,12.29,6,25.74,6,38.03,5,2,22.1,6,2,1,4,0,2,4.2,1
238,3.41,27,1.41,4,36.16,6,37.57,5,2,13.05,6,2,2,6,0,2,4.2,1
239,3.41,8,1.21,4,34.03,6,35.24,5,2,5.36,4,2,0,2,0,2,3.6,1
240,3.41,38,1.35,4,33.25,6,34.6,5.5,4,20.62,6,2,0,2,0,2,4.2,1
241,3.41,20,1.08,4,32.71,6,33.79,5,2,8.38,4,2,0,2,0,2,3.6,1
242,3.41,11,10.08,6,22.31,6,32.39,5.5,4,16.82,6,2,0,2,0,2,4.4,1
243,3.41,13,1.97,4,30.25,6,32.22,5,2,0.68,2,2,0,2,0,2,3.4,1
244,3.41,25,1.44,4,29.25,6,30.69,5,2,35.13,6,2,0,2,0,2,3.8,1
245,3.41,37,0.83,2,28.06,6,28.89,5,2,13.31,6,2,0,2,0,2,3.6,1
246,3.41,29,4.17,6,24.37,6,28.54,5,2,4.24,2,2,0,2,0,2,3.6,1
247,3.41,37,5.22,6,20.94,6,26.16,5,2,2.44,2,2,0,2,0,2,3.6,1
248,3.41,11,6.31,6,19.42,6,25.73,5.5,4,13.88,6,2,0,2,0,2,4.4,1
249,3.41,30,1.15,4,20.1,6,21.25,6,6,21.45,6,2,0,2,0,2,4.6,1
250,3.41,4,4.13,6,16.74,6,20.87,5,2,44.02,6,2,0,2,0,2,4,1
251,3.41,15,2.86,6,17.09,6,19.95,5.5,4,6.88,4,2,0,2,0,2,4.2,1
252,3.41,39,3.63,6,10.85,4,14.48,5,2,0.28,2,2,0,2,0,2,3,1
253,3.41,11,1.44,4,9.65,4,11.09,6.5,6,10.03,6,2,0,2,0,2,4,1
254,3.41,13,2.92,6,5.24,4,8.16,5,2,9.76,4,2,0,2,0,2,3.2,1
255,3.41,13,5.61,6,1.56,2,7.17,5,2,4.03,2,2,0,2,0,2,2.4,1
256,3.41,4,4.01,6,0,2,4.01,5,2,0,2,2,0,2,0,2,2.4,1
257,3.41,11,1.21,4,0,2,1.21,5,2,0,2,2,0,2,0,2,2.2,1
258,3.41,2,1.18,4,0,2,1.18,5.5,4,183.2,6,2,1,4,0,2,3.2,1
259,3.41,8,1.12,4,0,2,1.12,5,2,0,2,2,0,2,0,2,2.2,1
260,3.41,39,1.07,4,0,2,1.07,5,2,10.02,6,2,0,2,0,2,2.6,1
261,3.41,12,1.07,4,0,2,1.07,5,2,0,2,6,0,2,0,2,2.6,1
262,3.41,16,1.05,4,0,2,1.05,5,2,0,2,2,0,2,0,2,2.2,1
263,3.41,15,1.01,4,0,2,1.01,5,2,0.28,2,2,0,2,0,2,2.2,1
264,3.41,13,1.01,4,0,2,1.01,5,2,0,2,2,0,2,0,2,2.2,1
265,3.41,18,0,2,0,2,0,5,2,0,2,4,0,2,0,2,2.2,1
266,2.72,16,6.02,6,135.69,6,141.71,6,6,89.64,6,4,0,2,0,2,5,1
267,2.72,22,1.19,4,122.07,6,123.26,5,2,15.2,6,2,0,2,0,2,3.8,1
268,2.72,11,3.11,6,113.97,6,117.08,5.5,4,26.64,6,2,0,2,0,2,4.4,1
269,2.72,8,5.61,6,99.33,6,104.94,6.5,6,76.47,6,2,0,2,0,2,4.8,1
270,2.72,9,3.84,6,98.67,6,102.51,5,2,12.9,6,2,0,2,0,2,4,1
271,2.72,13,5.5,6,93.26,6,98.76,5,2,14.27,6,2,0,2,0,2,4,1
272,2.72,14,4.53,6,87.93,6,92.46,5,2,85.81,6,2,0,2,0,2,4,1
273,2.72,5,7.43,6,79.5,6,86.93,5,2,102.39,6,2,0,2,0,2,4,1
274,2.72,31,5.45,6,71.09,6,76.54,5.5,4,59.18,6,2,0,2,0,2,4.4,1
275,2.72,4,5.65,6,67.16,6,72.81,6,6,27.23,6,2,0,2,0,2,4.8,1
276,2.72,7,3.04,6,67.37,6,70.41,6.5,6,77.47,6,2,0,2,0,2,4.8,1
277,2.72,16,2.84,6,64.91,6,67.75,5.5,4,124.59,6,4,0,2,0,2,4.6,1
278,2.72,25,4.43,6,61.47,6,65.9,5.5,4,39.65,6,2,0,2,0,2,4.4,1
279,2.72,38,4.6,6,54.99,6,59.59,5,2,14.1,6,2,0,2,0,2,4,1
280,2.72,22,3.22,6,55.64,6,58.86,5,2,80.8,6,2,1,4,0,2,4.2,1
281,2.72,11,3.51,6,52.89,6,56.4,5,2,4.26,2,2,0,2,0,2,3.6,1
282,2.72,40,4.43,6,51.32,6,55.75,5.5,4,145.97,6,2,0,2,0,2,4.4,1
283,2.72,30,3.47,6,47.07,6,50.54,5,2,31.38,6,2,0,2,0,2,4,1
284,2.72,8,3.62,6,44.28,6,47.9,5,2,44.67,6,2,0,2,0,2,4,1
285,2.72,20,4.97,6,42.19,6,47.16,5.5,4,45.37,6,2,0,2,0,2,4.4,1
286,2.72,15,2.13,6,42.64,6,44.77,5,2,18.24,6,2,0,2,0,2,4,1
287,2.72,12,7.07,6,35.48,6,42.55,5,2,8.76,4,2,0,2,0,2,3.8,1
288,2.72,15,2.68,6,38.32,6,41,5,2,7.17,4,2,0,2,0,2,3.8,1
289,2.72,1,4.36,6,33.91,6,38.27,5.5,4,6.06,4,6,1,4,0,2,4.8,1
290,2.72,5,1.9,4,35.04,6,36.94,6.5,6,16.19,6,2,0,2,0,2,4.6,1
291,2.72,16,2.18,6,30.81,6,32.99,5,2,5.8,4,4,0,2,0,2,4,1
292,2.72,19,3.9,6,27.92,6,31.82,5,2,47.6,6,2,0,2,0,2,4,1
293,2.72,8,4.34,6,24.13,6,28.47,5,2,3.42,2,2,0,2,0,2,3.6,1
294,2.72,39,4.05,6,21.66,6,25.71,5.5,4,18.45,6,2,0,2,0,2,4.4,1
295,2.72,9,1.65,4,20.86,6,22.51,5,2,16.91,6,2,0,2,0,2,3.8,1
296,2.72,39,3.48,6,17.85,6,21.33,5,2,9.53,4,2,0,2,0,2,3.8,1
297,2.72,5,3.5,6,16.09,6,19.59,5,2,5.03,4,2,0,2,0,2,3.8,1
298,2.72,19,3.66,6,15.47,6,19.13,5,2,1.43,2,2,0,2,0,2,3.6,1
299,2.72,19,1.56,4,14.64,4,16.2,5,2,25.97,6,2,0,2,0,2,3.2,1
300,2.72,12,3.62,6,8.37,4,11.99,5,2,0,2,2,0,2,0,2,3,1
301,2.72,39,2.46,6,6.72,4,9.18,5,2,0,2,2,0,2,0,2,3,1
302,2.72,2,3.26,6,5.55,4,8.81,5,2,0.21,2,6,0,2,0,2,3.4,1
303,2.72,16,2.41,6,5.28,4,7.69,5,2,8.95,4,4,0,2,0,2,3.4,1
304,2.72,39,2.81,6,4.6,2,7.41,5,2,8.44,4,2,0,2,0,2,2.6,1
305,2.72,4,1.73,4,5.64,4,7.37,5,2,13.35,6,2,0,2,0,2,3.2,1
306,2.72,2,2.23,6,4.54,2,6.77,5,2,22.8,6,6,0,2,0,2,3.2,1
307,2.72,16,3.26,6,2.81,2,6.07,6,6,21.6,6,4,0,2,0,2,3.8,1
308,2.72,12,3.43,6,1.53,2,4.96,5,2,0,2,2,0,2,0,2,2.4,1
309,2.72,19,2.19,6,0.68,2,2.87,5,2,28.4,6,2,0,2,0,2,2.8,1
310,2.72,19,2.13,6,0.59,2,2.72,5,2,0.76,2,2,0,2,0,2,2.4,1
311,2.72,12,2,6,0.32,2,2.32,5,2,5.37,4,2,0,2,0,2,2.6,1
312,2.72,16,1.75,4,0.57,2,2.32,5,2,0,2,4,0,2,0,2,2.4,1
313,2.72,5,1.46,4,0.75,2,2.21,5,2,0.11,2,2,0,2,0,2,2.2,1
314,2.72,19,1.64,4,0.19,2,1.83,5,2,1.59,2,2,0,2,0,2,2.2,1
315,2.72,4,1.33,4,0.35,2,1.68,5,2,0,2,2,0,2,0,2,2.2,1
316,2.72,19,1.6,4,0,2,1.6,5,2,0.06,2,2,0,2,0,2,2.2,1
317,2.72,12,1.6,4,0,2,1.6,5,2,0,2,2,0,2,0,2,2.2,1
318,2.72,6,1.51,4,0,2,1.51,5,2,0,2,2,0,2,0,2,2.2,1
319,2.72,5,1.5,4,0,2,1.5,5,2,1.44,2,2,0,2,0,2,2.2,1
320,2.72,1,1.35,4,0,2,1.35,6,6,680.14,6,2,0,2,0,2,3.4,1
321,2.72,16,1.34,4,0,2,1.34,5,2,0,2,4,0,2,0,2,2.4,1
322,2.72,1,1.14,4,0,2,1.14,5,2,0.71,2,2,0,2,0,2,2.2,1
323,2.72,11,1.13,4,0,2,1.13,5,2,0.02,2,2,0,2,0,2,2.2,1
324,2.72,8,1.13,4,0,2,1.13,5,2,0,2,2,0,2,0,2,2.2,1
325,2.72,12,1.05,4,0,2,1.05,5,2,0,2,2,0,2,0,2,2.2,1
326,2.72,32,0.84,2,0,2,0.84,5,2,8.21,4,2,0,2,0,2,2.2,1
327,2.72,22,0,2,0,2,0,5,2,30.85,6,2,0,2,0,2,2.4,1
328,2.72,16,0,2,0,2,0,5,2,0,2,4,0,2,0,2,2.2,1
329,2.37,8,3.81,6,11.52,6,15.33,5,2,3.25,2,4,0,2,0,2,3.8,1
330,2.37,32,3.42,6,10.55,6,13.97,5,2,6.96,4,2,0,2,0,2,3.8,1
331,2.37,14,3.29,6,6.41,6,9.7,5,2,3.66,2,2,0,2,0,2,3.6,1
332,2.37,2,7.59,6,1.47,4,9.06,5.5,4,36.29,6,6,0,2,0,2,4.2,1
333,2.37,12,2.22,6,6.23,6,8.45,5,2,0.89,2,2,0,2,0,2,3.6,1
334,2.37,11,1.63,4,5.86,6,7.49,5,2,3.69,2,2,0,2,0,2,3.4,1
335,2.37,16,2.21,6,5.21,6,7.42,5,2,3.43,2,2,0,2,0,2,3.6,1
336,2.37,9,2.1,6,5.06,6,7.16,5,2,5.41,4,2,0,2,0,2,3.8,1
337,2.37,4,1.86,4,4.51,6,6.37,5,2,7.27,4,2,0,2,0,2,3.6,1
338,2.37,8,0.53,2,5.4,6,5.93,5,2,0.72,2,2,0,2,0,2,3.2,1
339,2.37,38,0.81,2,4.6,6,5.41,5,2,1.82,2,2,0,2,0,2,3.2,1
340,2.37,1,3.75,6,1.25,4,5,6,6,11.25,6,6,0,2,0,2,4.6,1
341,2.37,1,1.13,4,3.85,6,4.98,6.5,6,20.89,6,6,0,2,0,2,5,1
342,2.37,8,2.29,6,2.64,6,4.93,5,2,3.08,2,2,0,2,0,2,3.6,1
343,2.37,35,3.35,6,0.99,2,4.34,5,2,0.12,2,2,0,2,0,2,2.4,1
344,2.37,13,2.59,6,0.66,2,3.25,5,2,1.28,2,2,0,2,0,2,2.4,1
345,2.37,2,2.18,6,0.93,2,3.11,5,2,0,2,6,0,2,0,2,2.8,1
346,2.37,19,1.99,4,0.63,2,2.62,5,2,0,2,2,0,2,0,2,2.2,1
347,2.37,2,1.66,4,0.83,2,2.49,5,2,0.31,2,6,0,2,0,2,2.6,1
348,2.37,16,1.27,4,1.01,4,2.28,5,2,1.15,2,2,0,2,0,2,2.8,1
349,2.37,19,2.13,6,0.11,2,2.24,5,2,7.54,4,2,0,2,0,2,2.6,1
350,2.37,32,0.61,2,1.54,4,2.15,5,2,0.57,2,2,0,2,0,2,2.6,1
351,2.37,19,1.62,4,0.49,2,2.11,5,2,0,2,2,0,2,0,2,2.2,1
352,2.37,19,1,4,1.1,4,2.1,5,2,0,2,2,0,2,0,2,2.8,1
353,2.37,9,1.67,4,0.39,2,2.06,5,2,1.43,2,2,0,2,0,2,2.2,1
354,2.37,8,0.66,2,1.37,4,2.03,5,2,0.84,2,4,0,2,0,2,2.8,1
355,2.37,6,1.46,4,0.55,2,2.01,5,2,0.67,2,2,0,2,0,2,2.2,1
356,2.37,5,1.54,4,0.46,2,2,5,2,0.57,2,2,0,2,0,2,2.2,1
357,2.37,12,1.65,4,0.02,2,1.67,5,2,27.99,6,2,0,2,0,2,2.6,1
358,2.37,18,1.65,4,0.02,2,1.67,5,2,2.47,2,2,0,2,0,2,2.2,1
359,2.37,6,1.07,4,0.59,2,1.66,5,2,0,2,2,0,2,0,2,2.2,1
360,2.37,28,1.29,4,0.25,2,1.54,5,2,0,2,2,0,2,0,2,2.2,1
361,2.37,28,1.31,4,0.12,2,1.43,5.5,4,0,2,6,0,2,0,2,3,1
362,2.37,5,1.29,4,0.13,2,1.42,5,2,0,2,2,0,2,0,2,2.2,1
363,2.37,8,1.25,4,0.02,2,1.27,5,2,0.82,2,2,0,2,0,2,2.2,1
364,2.37,4,0.56,2,0.7,2,1.26,5,2,0,2,6,0,2,0,2,2.4,1
365,2.37,2,0.9,2,0.29,2,1.19,5,2,1.22,2,6,0,2,0,2,2.4,1
366,2.37,2,0.76,2,0.34,2,1.1,5,2,0,2,6,0,2,0,2,2.4,1
367,2.37,28,0.32,2,0.49,2,0.81,5,2,6.73,4,6,0,2,0,2,2.6,1
368,2.37,2,0.73,2,0.05,2,0.78,5,2,6.14,4,6,0,2,0,2,2.6,1
369,2.37,8,0.56,2,0.08,2,0.64,5,2,0.05,2,6,0,2,0,2,2.4,1
370,2.37,2,0.5,2,0.04,2,0.54,5,2,0,2,6,0,2,0,2,2.4,1
371,2.37,28,0.51,2,0,2,0.51,5,2,0,2,6,0,2,0,2,2.4,1
372,2.37,28,0.44,2,0.02,2,0.46,5,2,27.1,6,6,0,2,0,2,2.8,1
373,2.37,2,0,2,0,2,0,5,2,0.23,2,6,0,2,0,2,2.4,1
374,2.37,2,0,2,0,2,0,5,2,0,2,6,0,2,0,2,2.4,1
375,1.99,2,57.03,6,134.33,6,191.36,5,2,844.37,6,2,0,2,0,2,4,1
376,1.99,19,3.02,6,0,2,3.02,5,2,0,2,6,0,2,0,2,2.8,1
377,1.99,8,1.89,4,0,2,1.89,5,2,0,2,2,0,2,0,2,2.2,1
378,1.99,16,1.82,4,0,2,1.82,5,2,85.13,6,4,0,2,0,2,2.8,1
379,1.99,8,1.71,4,0,2,1.71,5,2,0.09,2,2,0,2,0,2,2.2,1
380,1.99,12,1.65,4,0,2,1.65,5,2,0.01,2,2,0,2,0,2,2.2,1
381,1.99,19,1.62,4,0,2,1.62,5,2,0,2,6,0,2,0,2,2.6,1
382,1.99,13,1.56,4,0,2,1.56,5,2,0.1,2,2,0,2,0,2,2.2,1
383,1.99,16,1.53,4,0,2,1.53,5,2,0.03,2,4,0,2,0,2,2.4,1
384,1.99,12,1.52,4,0,2,1.52,5,2,6.96,4,2,0,2,0,2,2.4,1
385,1.99,15,1.46,4,0,2,1.46,5,2,0,2,2,0,2,0,2,2.2,1
386,1.99,8,1.4,4,0,2,1.4,5,2,0,2,2,0,2,0,2,2.2,1
387,1.99,5,1.34,4,0,2,1.34,5,2,0,2,2,0,2,0,2,2.2,1
388,1.99,11,1.27,4,0,2,1.27,5,2,175.9,6,2,0,2,0,2,2.6,1
389,1.99,5,1.27,4,0,2,1.27,5,2,2.77,2,2,0,2,0,2,2.2,1
390,1.99,14,1.26,4,0,2,1.26,5,2,0,2,2,0,2,0,2,2.2,1
391,1.99,32,1.23,4,0,2,1.23,5,2,0.11,2,2,0,2,0,2,2.2,1
392,1.99,9,1.19,4,0,2,1.19,5,2,29.76,6,2,0,2,0,2,2.6,1
393,1.99,6,1.19,4,0,2,1.19,5,2,0,2,2,0,2,0,2,2.2,1
394,1.99,8,1.14,4,0,2,1.14,5,2,41.82,6,2,0,2,0,2,2.6,1
395,1.99,15,1.12,4,0,2,1.12,5,2,10.98,6,2,0,2,0,2,2.6,1
396,1.99,32,1.12,4,0,2,1.12,5,2,0.05,2,2,0,2,0,2,2.2,1
397,1.99,22,1.1,4,0,2,1.1,5,2,0,2,2,0,2,0,2,2.2,1
398,1.99,9,1.03,4,0,2,1.03,5,2,27.28,6,2,0,2,0,2,2.6,1
399,1.99,4,0.96,2,0,2,0.96,5,2,9.45,4,2,0,2,0,2,2.2,1
400,1.99,20,0.86,2,0,2,0.86,5,2,0,2,6,0,2,0,2,2.4,1
401,1.99,16,0.77,2,0,2,0.77,5,2,0,2,4,0,2,0,2,2.2,1
402,1.99,31,0.76,2,0,2,0.76,5,2,7.48,4,2,0,2,0,2,2.2,1
403,1.99,19,0.59,2,0,2,0.59,5,2,0,2,6,0,2,0,2,2.4,1
404,1.99,16,0.56,2,0,2,0.56,5,2,0,2,4,0,2,0,2,2.2,1
405,1.99,16,0.44,2,0,2,0.44,5,2,0.04,2,4,0,2,0,2,2.2,1
406,1.99,12,0.43,2,0,2,0.43,5,2,13.54,6,2,0,2,0,2,2.4,1
407,1.85,19,45.23,6,36.18,6,81.41,5,2,0,2,6,0,2,0,2,4,1
408,1.85,4,0.56,2,72,6,72.56,5,2,0.51,2,2,0,2,0,2,3.2,1
409,1.85,19,19.21,6,2.47,6,21.68,5,2,0,2,6,0,2,0,2,4,1
410,1.85,2,11.24,6,9.49,6,20.73,5.5,4,173.02,6,2,0,2,0,2,4.4,1
411,1.85,8,13.15,6,1.63,4,14.78,5,2,1.19,2,4,0,2,0,2,3.2,1
412,1.85,12,13.91,6,0.5,2,14.41,5,2,0.19,2,2,0,2,0,2,2.4,1
413,1.85,16,9.19,6,4.2,6,13.39,5,2,0.52,2,2,0,2,0,2,3.6,1
414,1.85,15,11.44,6,1.41,4,12.85,5,2,0.04,2,2,0,2,0,2,3,1
415,1.85,9,10.79,6,0.67,2,11.46,5,2,0.04,2,2,0,2,0,2,2.4,1
416,1.85,11,10.02,6,0.95,2,10.97,5,2,0.43,2,2,0,2,0,2,2.4,1
417,1.85,22,7.84,6,2.81,6,10.65,5,2,0,2,2,1,4,0,2,3.8,1
418,1.85,14,9.94,6,0.44,2,10.38,5,2,0.15,2,2,0,2,0,2,2.4,1
419,1.85,19,9.14,6,1.22,4,10.36,5,2,0,2,6,0,2,0,2,3.4,1
420,1.85,8,8.94,6,1.32,4,10.26,5,2,0.02,2,2,0,2,0,2,3,1
421,1.85,13,8.25,6,1.59,4,9.84,5,2,0.02,2,2,0,2,0,2,3,1
422,1.85,32,7.09,6,1.95,4,9.04,5,2,0,2,2,0,2,0,2,3,1
423,1.85,9,7.37,6,1.64,4,9.01,5,2,0.08,2,2,0,2,0,2,3,1
424,1.85,8,7.02,6,1.77,4,8.79,5,2,0,2,4,0,2,0,2,3.2,1
425,1.85,6,8.53,6,0.16,2,8.69,5,2,0.52,2,2,1,4,0,2,2.6,1
426,1.85,29,7.01,6,1.12,4,8.13,5,2,0.1,2,2,0,2,0,2,3,1
427,1.85,9,7.07,6,0.72,2,7.79,5,2,0,2,2,0,2,0,2,2.4,1
428,1.85,18,7.2,6,0.43,2,7.63,5,2,0.01,2,2,0,2,0,2,2.4,1
429,1.85,5,7.22,6,0.28,2,7.5,5,2,0,2,2,0,2,0,2,2.4,1
430,1.85,19,5.9,6,0,2,5.9,5,2,0.74,2,6,1,4,0,2,3,1
431,1.85,19,5.87,6,0,2,5.87,5,2,0.44,2,6,0,2,0,2,2.8,1
432,1.85,27,4.6,6,1.17,4,5.77,5,2,0.04,2,2,0,2,0,2,3,1
433,1.85,13,4.99,6,0.64,2,5.63,5,2,0,2,2,0,2,0,2,2.4,1
434,1.85,9,5,6,0.54,2,5.54,5,2,0,2,2,0,2,0,2,2.4,1
435,1.85,14,5.13,6,0.09,2,5.22,5,2,0.01,2,2,0,2,0,2,2.4,1
436,1.85,43,5.2,6,0,2,5.2,5,2,0,2,2,0,2,0,2,2.4,1
437,1.85,22,3.92,6,1.08,4,5,5,2,0,2,2,0,2,0,2,3,1
438,1.85,15,3.74,6,0.55,2,4.29,5,2,0,2,2,0,2,0,2,2.4,1
439,1.85,15,3.83,6,0.28,2,4.11,5,2,0,2,2,0,2,0,2,2.4,1
440,1.85,19,4.04,6,0,2,4.04,5,2,0.79,2,6,0,2,0,2,2.8,1
441,1.85,16,3.67,6,0.18,2,3.85,5,2,0,2,2,0,2,0,2,2.4,1
442,1.85,6,3.7,6,0,2,3.7,5,2,0.12,2,2,0,2,0,2,2.4,1
443,1.85,8,3.26,6,0.36,2,3.62,5,2,0.02,2,2,0,2,0,2,2.4,1
444,1.85,8,3.17,6,0.44,2,3.61,5,2,0,2,4,0,2,0,2,2.6,1
445,1.85,13,3.46,6,0.09,2,3.55,5,2,0.06,2,2,0,2,0,2,2.4,1
446,1.85,19,3.28,6,0.25,2,3.53,5,2,0.04,2,6,0,2,0,2,2.8,1
447,1.85,2,3.31,6,0.17,2,3.48,5,2,0,2,2,0,2,0,2,2.4,1
448,1.85,9,2.81,6,0.41,2,3.22,5,2,0,2,2,0,2,0,2,2.4,1
449,1.85,4,2.96,6,0.15,2,3.11,5,2,0,2,2,0,2,0,2,2.4,1
450,1.85,31,3.05,6,0.05,2,3.1,5,2,0,2,2,0,2,0,2,2.4,1
451,1.85,14,1.08,4,1.98,4,3.06,5,2,3.92,2,2,0,2,0,2,2.8,1
452,1.85,15,1.28,4,1.75,4,3.03,5,2,0,2,2,0,2,0,2,2.8,1
453,1.85,12,2.89,6,0.11,2,3,5,2,0.04,2,2,0,2,0,2,2.4,1
454,1.85,19,2.81,6,0.11,2,2.92,5,2,19.45,6,6,0,2,0,2,3.2,1
455,1.85,8,2.46,6,0.37,2,2.83,5,2,0,2,2,0,2,0,2,2.4,1
456,1.85,43,2.49,6,0.29,2,2.78,5,2,0.49,2,2,0,2,0,2,2.4,1
457,1.85,4,2.43,6,0.27,2,2.7,5,2,0,2,2,0,2,0,2,2.4,1
458,1.85,4,2.48,6,0.1,2,2.58,5,2,0,2,2,0,2,0,2,2.4,1
459,1.85,32,1.39,4,1.1,4,2.49,5,2,0,2,2,0,2,0,2,2.8,1
460,1.85,31,2.48,6,0,2,2.48,5,2,0,2,2,0,2,0,2,2.4,1
461,1.85,14,2.2,6,0.28,2,2.48,5,2,0,2,2,0,2,0,2,2.4,1
462,1.85,16,0.88,2,1.5,4,2.38,5,2,0.19,2,2,0,2,0,2,2.6,1
463,1.85,8,0.95,2,1.33,4,2.28,5,2,0.07,2,4,0,2,0,2,2.8,1
464,1.85,6,0.47,2,1.59,4,2.06,5,2,1.24,2,2,0,2,0,2,2.6,1
465,1.85,19,2.05,6,0,2,2.05,5,2,3.53,2,6,0,2,0,2,2.8,1
466,1.85,13,0.25,2,1.8,4,2.05,5,2,0.74,2,2,0,2,0,2,2.6,1
467,1.85,18,0.73,2,1.24,4,1.97,5,2,0.2,2,2,0,2,0,2,2.6,1
468,1.85,29,1.04,4,0.91,2,1.95,5,2,0.37,2,2,0,2,0,2,2.2,1
469,1.85,11,1.69,4,0.21,2,1.9,5,2,0,2,2,0,2,0,2,2.2,1
470,1.85,8,0.79,2,1.01,4,1.8,5,2,0.57,2,2,0,2,0,2,2.6,1
471,1.85,19,1.75,4,0,2,1.75,5,2,0.35,2,6,0,2,0,2,2.6,1
472,1.85,12,0.6,2,1.14,4,1.74,5,2,0.43,2,2,0,2,0,2,2.6,1
473,1.85,22,0.6,2,1.08,4,1.68,5,2,0.33,2,2,0,2,0,2,2.6,1
474,1.85,2,1.17,4,0.15,2,1.32,5,2,0,2,2,0,2,0,2,2.2,1
475,1.85,19,1.16,4,0,2,1.16,5,2,0.11,2,6,0,2,0,2,2.6,1
476,1.85,19,0.99,2,0.11,2,1.1,5,2,0,2,6,0,2,0,2,2.4,1
477,1.85,8,0.99,2,0,2,0.99,5,2,0,2,4,0,2,0,2,2.2,1
478,1.85,8,0.95,2,0,2,0.95,5,2,0.13,2,4,1,4,0,2,2.4,1
479,1.85,19,0.9,2,0,2,0.9,5,2,0.13,2,6,0,2,0,2,2.4,1
480,1.85,19,0.18,2,0,2,0.18,5,2,0,2,6,1,4,0,2,2.6,1
481,1.85,8,0,2,0,2,0,5,2,10.53,6,4,0,2,0,2,2.6,1
482,1.85,8,0,2,0,2,0,5,2,0.2,2,4,0,2,0,2,2.2,1
483,1.85,19,0,2,0,2,0,5,2,0.19,2,6,0,2,0,2,2.4,1
484,1.85,19,0,2,0,2,0,5,2,0.04,2,6,1,4,0,2,2.6,1
485,1.85,8,0,2,0,2,0,5,2,0,2,4,0,2,0,2,2.2,1
486,1.85,19,0,2,0,2,0,5,2,0,2,6,0,2,0,2,2.4,1
487,59.85,13,0.48,2,0,2,0.48,5,2,0,2,2,0,2,0,2,2,0
488,59.85,19,0.2,2,0.28,2,0.48,5,2,0,2,2,0,2,0,2,2,0
489,59.85,4,0.31,2,0,2,0.31,5,2,0,2,2,0,2,0,2,2,0
490,59.85,9,0.3,2,0,2,0.3,5,2,0,2,2,0,2,0,2,2,0
491,59.85,7,0.29,2,0,2,0.29,5,2,0.04,2,2,0,2,0,2,2,0
492,59.85,14,0,2,0.22,2,0.22,5,2,0,2,2,0,2,0,2,2,0
493,59.85,4,0.15,2,0,2,0.15,5,2,0.05,2,2,0,2,0,2,2,0
494,59.85,5,0.15,2,0,2,0.15,5,2,0,2,2,0,2,0,2,2,0
495,59.85,9,0.01,2,0.11,2,0.12,5,2,1.03,2,2,0,2,0,2,2,0
496,59.85,9,0.06,2,0,2,0.06,5,2,0,2,2,0,2,0,2,2,0
497,59.85,12,0.05,2,0,2,0.05,5,2,0.63,2,2,0,2,0,2,2,0
498,59.85,28,0.04,2,0,2,0.04,5,2,0.22,2,2,0,2,0,2,2,0
499,59.85,19,0.03,2,0,2,0.03,5,2,1.66,2,2,0,2,0,2,2,0
500,59.85,16,0.03,2,0,2,0.03,5,2,1.55,2,2,0,2,0,2,2,0
501,59.85,29,0.03,2,0,2,0.03,5,2,1.22,2,2,0,2,0,2,2,0
502,59.85,4,0.01,2,0,2,0.01,5,2,0.6,2,2,0,2,0,2,2,0
503,59.85,39,0,2,0,2,0,5,2,3.3,2,2,0,2,0,2,2,0
504,59.85,32,0,2,0,2,0,5,2,2.86,2,2,0,2,0,2,2,0
505,59.85,15,0,2,0,2,0,5,2,2.39,2,2,0,2,0,2,2,0
506,59.85,5,0,2,0,2,0,5,2,1.44,2,2,0,2,0,2,2,0
507,59.85,8,0,2,0,2,0,5,2,0.93,2,2,0,2,0,2,2,0
508,59.85,11,0,2,0,2,0,5,2,0.7,2,2,0,2,0,2,2,0
509,59.85,8,0,2,0,2,0,5,2,0.29,2,2,0,2,0,2,2,0
510,59.85,9,0,2,0,2,0,5,2,0.19,2,2,0,2,0,2,2,0
511,59.85,4,0,2,0,2,0,5,2,0,2,2,0,2,0,2,2,0
512,59.85,9,0,2,0,2,0,5,2,0,2,2,0,2,0,2,2,0
513,59.85,32,0,2,0,2,0,5,2,0,2,2,0,2,0,2,2,0
514,59.85,1,0,2,0,2,0,5,2,0,2,2,0,2,0,2,2,0
515,59.85,43,0,2,0,2,0,5,2,0,2,2,0,2,0,2,2,0
516,55.57,15,0.69,2,0.81,2,1.5,5,2,0,2,2,0,2,0,2,2,0
517,55.57,14,0.84,2,0.65,2,1.49,5,2,0,2,2,0,2,0,2,2,0
518,55.57,9,0.88,2,0.54,2,1.42,5,2,0.11,2,2,0,2,0,2,2,0
519,55.57,8,0.8,2,0.57,2,1.37,5,2,0,2,2,0,2,0,2,2,0
520,55.57,18,0.39,2,0.91,2,1.3,5,2,0,2,2,0,2,0,2,2,0
521,55.57,12,0.79,2,0.46,2,1.25,5,2,0.28,2,2,0,2,0,2,2,0
522,55.57,13,0.54,2,0.67,2,1.21,5,2,0,2,2,0,2,0,2,2,0
523,55.57,18,0.75,2,0.45,2,1.2,5,2,0,2,2,0,2,0,2,2,0
524,55.57,12,0.62,2,0.47,2,1.09,5,2,0.58,2,2,0,2,0,2,2,0
525,55.57,29,0.6,2,0.46,2,1.06,5,2,0,2,2,0,2,0,2,2,0
526,55.57,6,0.62,2,0.42,2,1.04,5,2,0,2,2,0,2,0,2,2,0
527,55.57,22,0.49,2,0.55,2,1.04,5,2,0,2,2,0,2,0,2,2,0
528,55.57,16,0.51,2,0.5,2,1.01,5,2,0.09,2,2,0,2,0,2,2,0
529,55.57,11,0.98,2,0,2,0.98,5,2,0,2,2,0,2,0,2,2,0
530,55.57,9,0.44,2,0.53,2,0.97,5,2,0,2,2,0,2,0,2,2,0
531,55.57,9,0.71,2,0.25,2,0.96,5,2,0,2,2,0,2,0,2,2,0
532,55.57,16,0.47,2,0.46,2,0.93,5,2,0.42,2,2,0,2,0,2,2,0
533,55.57,9,0.92,2,0,2,0.92,5,2,0,2,2,0,2,0,2,2,0
534,55.57,18,0.36,2,0.54,2,0.9,5,2,0.21,2,2,0,2,0,2,2,0
535,55.57,5,0.7,2,0.19,2,0.89,5,2,0,2,2,0,2,0,2,2,0
536,55.57,9,0.49,2,0.4,2,0.89,5,2,0,2,2,0,2,0,2,2,0
537,55.57,9,0.49,2,0.4,2,0.89,5,2,0,2,2,0,2,0,2,2,0
538,55.57,13,0.51,2,0.37,2,0.88,5,2,0,2,2,0,2,0,2,2,0
539,55.57,15,0,2,0.88,2,0.88,5,2,0.07,2,2,0,2,0,2,2,0
540,55.57,6,0.87,2,0,2,0.87,5,2,0.1,2,2,0,2,0,2,2,0
541,55.57,6,0.38,2,0.49,2,0.87,5,2,0,2,2,0,2,0,2,2,0
542,55.57,6,0.84,2,0,2,0.84,5,2,0,2,2,0,2,0,2,2,0
543,55.57,13,0.84,2,0,2,0.84,5,2,0,2,2,0,2,0,2,2,0
544,55.57,16,0.47,2,0.37,2,0.84,5,2,0,2,2,0,2,0,2,2,0
545,55.57,22,0.83,2,0,2,0.83,5,2,0.14,2,2,0,2,0,2,2,0
546,55.57,43,0.83,2,0,2,0.83,5,2,0,2,2,0,2,0,2,2,0
547,55.57,29,0.82,2,0,2,0.82,5,2,0,2,2,0,2,0,2,2,0
548,55.57,29,0,2,0.81,2,0.81,5,2,0,2,2,0,2,0,2,2,0
549,55.57,36,0.8,2,0,2,0.8,5,2,0,2,2,0,2,0,2,2,0
550,55.57,9,0.78,2,0,2,0.78,5,2,0,2,2,0,2,0,2,2,0
551,55.57,29,0.49,2,0.28,2,0.77,5,2,0.07,2,2,0,2,0,2,2,0
552,55.57,27,0.76,2,0,2,0.76,5,2,0,2,2,0,2,0,2,2,0
553,55.57,16,0.74,2,0,2,0.74,5,2,2.4,2,2,0,2,0,2,2,0
554,55.57,11,0.74,2,0,2,0.74,5,2,0.71,2,2,0,2,0,2,2,0
555,55.57,4,0.74,2,0,2,0.74,5,2,0.15,2,2,0,2,0,2,2,0
556,55.57,4,0.73,2,0,2,0.73,5,2,0,2,2,0,2,0,2,2,0
557,55.57,5,0.71,2,0,2,0.71,5,2,0,2,2,0,2,0,2,2,0
558,55.57,12,0.7,2,0,2,0.7,5,2,0,2,2,0,2,0,2,2,0
559,55.57,12,0.61,2,0,2,0.61,5,2,0,2,2,0,2,0,2,2,0
560,55.57,8,0.6,2,0,2,0.6,5,2,0,2,2,0,2,0,2,2,0
561,55.57,14,0.59,2,0,2,0.59,5,2,0,2,2,0,2,0,2,2,0
562,55.57,25,0.56,2,0,2,0.56,5,2,0,2,2,0,2,0,2,2,0
563,55.57,5,0.51,2,0.03,2,0.54,5,2,0,2,2,0,2,0,2,2,0
564,55.57,4,0.28,2,0.25,2,0.53,5,2,0,2,2,0,2,0,2,2,0
565,55.57,11,0.41,2,0.11,2,0.52,5,2,0,2,2,0,2,0,2,2,0
566,55.57,25,0.5,2,0,2,0.5,5,2,0,2,2,0,2,0,2,2,0
567,55.57,5,0.49,2,0,2,0.49,5,2,0.02,2,2,0,2,0,2,2,0
568,55.57,16,0.49,2,0,2,0.49,5,2,0,2,2,0,2,0,2,2,0
569,55.57,4,0.49,2,0,2,0.49,5,2,0,2,2,0,2,0,2,2,0
570,55.57,8,0.32,2,0.17,2,0.49,5,2,0,2,2,0,2,0,2,2,0
571,55.57,12,0.38,2,0.09,2,0.47,5,2,0,2,2,0,2,0,2,2,0
572,55.57,4,0.26,2,0.21,2,0.47,5,2,0.05,2,2,0,2,0,2,2,0
573,55.57,19,0.42,2,0,2,0.42,5,2,0,2,2,0,2,0,2,2,0
574,55.57,6,0.41,2,0,2,0.41,5,2,0,2,2,0,2,0,2,2,0
575,55.57,29,0.41,2,0,2,0.41,5,2,0,2,2,0,2,0,2,2,0
576,55.57,15,0.4,2,0.0025,2,0.4025,5,2,0,2,2,0,2,0,2,2,0
577,55.57,8,0.33,2,0.0013,2,0.3313,5,2,0,2,2,0,2,0,2,2,0
578,55.57,29,0.32,2,0.0009,2,0.3209,5,2,0,2,2,0,2,0,2,2,0
579,55.57,13,0.31,2,0.0015,2,0.3115,5,2,0,2,2,0,2,0,2,2,0
580,55.57,32,0.3,2,0.0023,2,0.3023,5,2,0,2,2,0,2,0,2,2,0
581,55.57,14,0.24,2,0.04,2,0.28,5,2,0,2,2,0,2,0,2,2,0
582,55.57,11,0.27,2,0.0017,2,0.2717,5,2,0,2,2,0,2,0,2,2,0
583,55.57,9,0.26,2,0.0021,2,0.2621,5,2,0,2,2,0,2,0,2,2,0
584,55.57,13,0.25,2,0.0017,2,0.2517,5,2,0,2,2,0,2,0,2,2,0
585,55.57,19,0.24,2,0,2,0.24,5,2,0,2,2,0,2,0,2,2,0
586,55.57,4,0.23,2,0,2,0.23,5,2,,2,2,0,2,0,2,2,0
587,55.57,14,0.21,2,0,2,0.21,5,2,0,2,2,0,2,0,2,2,0
588,55.57,9,0.21,2,0,2,0.21,5,2,0,2,2,0,2,0,2,2,0
589,55.57,16,0.2,2,0,2,0.2,5,2,0,2,2,0,2,0,2,2,0
590,55.57,18,0.2,2,0,2,0.2,5,2,0,2,2,0,2,0,2,2,0
591,55.57,37,0.17,2,0,2,0.17,5,2,0,2,2,0,2,0,2,2,0
592,55.57,9,0.17,2,0,2,0.17,5,2,0,2,2,0,2,0,2,2,0
593,55.57,5,0.15,2,0,2,0.15,5,2,0,2,2,0,2,0,2,2,0
594,55.57,6,0.11,2,0,2,0.11,5,2,0,2,2,0,2,0,2,2,0
595,55.57,13,0.1,2,0,2,0.1,5,2,0,2,2,0,2,0,2,2,0
596,55.57,5,0.09,2,0,2,0.09,5,2,0,2,2,0,2,0,2,2,0
597,55.57,21,0.09,2,0,2,0.09,5,2,0,2,2,0,2,0,2,2,0
598,55.57,22,0.07,2,0,2,0.07,5,2,0,2,2,0,2,0,2,2,0
599,55.57,6,0,2,0.03,2,0.03,5,2,0,2,2,0,2,0,2,2,0
600,55.57,36,0.02,2,0,2,0.02,5,2,0,2,2,0,2,0,2,2,0
601,55.57,12,0,2,0,2,0,5,2,3.57,2,2,0,2,0,2,2,0
602,55.57,15,0,2,0,2,0,5,2,0.32,2,2,0,2,0,2,2,0
603,55.57,28,0,2,0,2,0,5,2,0.13,2,2,0,2,0,2,2,0
604,55.57,19,0,2,0,2,0,5,2,0.02,2,2,0,2,0,2,2,0
605,55.57,6,0,2,0,2,0,5,2,0.02,2,2,0,2,0,2,2,0
606,55.57,16,0,2,0,2,0,5,2,0.02,2,2,0,2,0,2,2,0
607,55.57,5,0,2,0,2,0,5,2,0.01,2,2,0,2,0,2,2,0
608,55.57,8,0,2,0,2,0,5,2,0,2,2,0,2,0,2,2,0
609,55.57,8,0,2,0,2,0,5,2,0,2,2,0,2,0,2,2,0
610,55.57,22,0,2,0,2,0,5,2,0,2,2,0,2,0,2,2,0
611,55.57,6,0,2,0,2,0,5,2,0,2,2,0,2,0,2,2,0
612,55.57,5,0,2,0,2,0,5,2,0,2,2,0,2,0,2,2,0
613,55.57,43,0,2,0,2,0,5,2,0,2,2,0,2,0,2,2,0
614,55.57,5,0,2,0,2,0,5,2,0,2,2,0,2,0,2,2,0
615,55.57,19,0,2,0,2,0,5,2,0,2,2,0,2,0,2,2,0
616,55.57,9,0,2,0,2,0,5,2,0,2,2,0,2,0,2,2,0
617,55.57,9,0,2,0,2,0,5,2,0,2,2,0,2,0,2,2,0
618,55.57,12,0,2,0,2,0,5,2,0,2,2,0,2,0,2,2,0
619,55.57,12,0,2,0,2,0,5,2,0,2,2,0,2,0,2,2,0
620,55.57,12,0,2,0,2,0,5,2,0,2,2,0,2,0,2,2,0
621,55.57,8,0,2,0,2,0,5,2,0,2,2,0,2,0,2,2,0
622,55.57,29,0,2,0,2,0,5,2,0,2,2,0,2,0,2,2,0
623,55.57,27,0,2,0,2,0,5,2,0,2,2,0,2,0,2,2,0
624,55.57,27,0,2,0,2,0,5,2,0,2,2,0,2,0,2,2,0
625,55.57,28,0,2,0,2,0,5,2,0,2,2,0,2,0,2,2,0
626,55.57,17,0,2,0,2,0,5,2,0,2,2,0,2,0,2,2,0
627,55.57,15,0,2,0,2,0,5,2,0,2,2,0,2,0,2,2,0
628,55.57,15,0,2,0,2,0,5,2,0,2,2,0,2,0,2,2,0
629,55.57,13,0,2,0,2,0,5,2,0,2,2,0,2,0,2,2,0
630,55.57,25,0,2,0,2,0,5,2,0,2,2,0,2,0,2,2,0
631,55.57,12,0,2,0,2,0,5,2,0,2,2,0,2,0,2,2,0
632,21.61,12,0.85,2,0.93,2,1.78,5,2,0,2,2,0,2,0,2,2,0
633,21.61,11,0.75,2,0.9,2,1.65,5,2,1.4,2,2,0,2,0,2,2,0
634,21.61,8,0.8,2,0.82,2,1.62,5,2,1.32,2,2,0,2,0,2,2,0
635,21.61,16,0.72,2,0.8,2,1.52,5,2,0.02,2,2,0,2,0,2,2,0
636,21.61,8,0.66,2,0.81,2,1.47,5,2,0.03,2,2,0,2,0,2,2,0
637,21.61,4,0.67,2,0.76,2,1.43,5,2,0,2,2,0,2,0,2,2,0
638,21.61,4,0.7,2,0.72,2,1.42,5,2,0,2,2,0,2,0,2,2,0
639,21.61,2,0.67,2,0.75,2,1.42,5,2,0.39,2,2,0,2,0,2,2,0
640,21.61,19,0.46,2,0.88,2,1.34,5,2,0.58,2,2,0,2,0,2,2,0
641,21.61,16,0.62,2,0.71,2,1.33,5,2,0.08,2,2,0,2,0,2,2,0
642,21.61,29,0.63,2,0.69,2,1.32,5,2,0.32,2,2,0,2,0,2,2,0
643,21.61,9,0.59,2,0.69,2,1.28,5,2,0,2,2,0,2,0,2,2,0
644,21.61,32,0.61,2,0.63,2,1.24,5,2,0,2,2,0,2,0,2,2,0
645,21.61,43,0.52,2,0.68,2,1.2,5,2,0,2,2,0,2,0,2,2,0
646,21.61,13,0.56,2,0.63,2,1.19,5,2,0.09,2,2,0,2,0,2,2,0
647,21.61,19,0.53,2,0.62,2,1.15,5,2,0.01,2,2,0,2,0,2,2,0
648,21.61,18,0.54,2,0.56,2,1.1,5,2,0.8,2,2,0,2,0,2,2,0
649,21.61,8,0.38,2,0.48,2,0.86,5,2,0.33,2,2,0,2,0,2,2,0
650,21.61,22,0.37,2,0.46,2,0.83,5,2,0,2,2,0,2,0,2,2,0
651,21.61,8,0.34,2,0.36,2,0.7,5,2,0.03,2,2,0,2,0,2,2,0
652,21.61,22,0.02,2,0.66,2,0.68,5,2,0,2,2,0,2,0,2,2,0
653,21.61,8,0.29,2,0.33,2,0.62,5,2,0,2,2,0,2,0,2,2,0
654,21.61,16,0.27,2,0.35,2,0.62,5,2,0,2,2,0,2,0,2,2,0
655,21.61,32,0.34,2,0.27,2,0.61,5,2,0,2,2,0,2,0,2,2,0
656,21.61,19,0.31,2,0.28,2,0.59,5,2,0,2,2,0,2,0,2,2,0
657,21.61,16,0.37,2,0.1,2,0.47,5,2,0,2,2,0,2,0,2,2,0
658,21.61,14,0.19,2,0.27,2,0.46,5,2,0.65,2,2,0,2,0,2,2,0
659,21.61,5,0.28,2,0.16,2,0.44,5,2,0,2,2,0,2,0,2,2,0
660,21.61,19,0.43,2,0,2,0.43,5,2,0,2,2,0,2,0,2,2,0
661,21.61,12,0.19,2,0.23,2,0.42,5,2,0,2,2,0,2,0,2,2,0
662,21.61,5,0,2,0.39,2,0.39,5,2,0.24,2,2,0,2,0,2,2,0
663,21.61,5,0.33,2,0,2,0.33,5,2,0,2,2,0,2,0,2,2,0
664,21.61,13,0.32,2,0,2,0.32,5,2,0,2,2,0,2,0,2,2,0
665,21.61,31,0,2,0,2,0,5,2,0.03,2,2,0,2,0,2,2,0
666,21.61,14,0,2,0,2,0,5,2,0,2,2,0,2,0,2,2,0
667,21.61,4,0,2,0,2,0,5,2,0,2,2,0,2,0,2,2,0
668,3.89,6,0,2,4.83,2,4.83,5,2,0.94,2,2,0,2,0,2,2,0
669,3.89,5,0,2,2.97,2,2.97,5,2,2.84,2,2,0,2,0,2,2,0
670,3.89,19,0.62,2,2.02,2,2.64,5,2,0.11,2,2,0,2,0,2,2,0
671,3.89,19,0,2,2.27,2,2.27,5,2,2.62,2,2,0,2,0,2,2,0
672,3.89,15,0,2,1.88,2,1.88,5,2,0,2,2,0,2,0,2,2,0
673,3.89,5,0,2,1.76,2,1.76,5,2,1.08,2,2,0,2,0,2,2,0
674,3.89,2,0.74,2,1,2,1.74,5,2,0,2,2,0,2,0,2,2,0
675,3.89,9,0,2,1.61,2,1.61,5,2,2.51,2,2,0,2,0,2,2,0
676,3.89,4,0,2,1.1,2,1.1,5,2,0.007,2,2,0,2,0,2,2,0
677,3.89,9,0,2,1.05,2,1.05,5,2,0.16,2,2,0,2,0,2,2,0
678,3.89,19,0,2,1.03,2,1.03,5,2,2.43,2,2,0,2,0,2,2,0
679,3.89,14,0,2,1.03,2,1.03,5,2,0,2,2,0,2,0,2,2,0
680,3.89,21,0,2,1.02,2,1.02,5,2,0,2,2,0,2,0,2,2,0
681,3.89,29,0,2,0.96,2,0.96,5,2,1.35,2,2,0,2,0,2,2,0
682,3.89,3,0.94,2,0.01,2,0.95,5,2,0.1,2,2,0,2,0,2,2,0
683,3.89,5,0,2,0.94,2,0.94,5,2,0.9,2,2,0,2,0,2,2,0
684,3.89,12,0,2,0.89,2,0.89,5,2,0,2,2,0,2,0,2,2,0
685,3.89,13,0,2,0.87,2,0.87,5,2,0,2,2,0,2,0,2,2,0
686,3.89,8,0,2,0.84,2,0.84,5,2,0.007,2,2,0,2,0,2,2,0
687,3.89,6,0,2,0.83,2,0.83,5,2,2.95,2,2,0,2,0,2,2,0
688,3.89,6,0.51,2,0.23,2,0.74,5,2,0,2,2,0,2,0,2,2,0
689,3.89,2,0,2,0.58,2,0.58,5,2,0,2,2,0,2,0,2,2,0
690,3.89,9,0.42,2,0.07,2,0.49,5,2,0.42,2,2,0,2,0,2,2,0
691,3.89,5,0,2,0.43,2,0.43,5,2,0,2,2,0,2,0,2,2,0
692,3.89,6,0,2,0.23,2,0.23,5,2,0,2,2,0,2,0,2,2,0
693,3.89,11,0,2,0.08,2,0.08,5,2,0.68,2,2,0,2,0,2,2,0
694,3.89,6,0,2,0.08,2,0.08,5,2,0,2,2,0,2,0,2,2,0
695,3.89,12,0,2,0.07,2,0.07,5,2,0,2,2,0,2,0,2,2,0
696,3.89,13,0,2,0.06,2,0.06,5,2,0,2,2,0,2,0,2,2,0
697,3.89,19,0,2,0.05,2,0.05,5,2,0,2,2,0,2,0,2,2,0
698,3.89,12,0,2,0.03,2,0.03,5,2,0.06,2,2,0,2,0,2,2,0
699,3.89,11,0,2,0,2,0,5,2,1.75,2,2,0,2,0,2,2,0
700,3.89,19,0,2,0,2,0,5,2,0,2,2,0,2,0,2,2,0
701,3.89,2,0,2,0,2,0,5,2,0,2,2,0,2,0,2,2,0
702,3.41,5,0.93,2,0,2,0.93,5,2,0,2,2,0,2,0,2,2,0
703,3.41,19,0.91,2,0,2,0.91,5,2,0,2,2,0,2,0,2,2,0
704,3.41,9,0.8,2,0,2,0.8,5,2,0.18,2,2,0,2,0,2,2,0
705,3.41,32,0.77,2,0,2,0.77,5,2,0.32,2,2,0,2,0,2,2,0
706,3.41,22,0.65,2,0,2,0.65,5,2,0,2,2,0,2,0,2,2,0
707,3.41,29,0.63,2,0,2,0.63,5,2,0,2,2,0,2,0,2,2,0
708,3.41,6,0.43,2,0,2,0.43,5,2,0,2,2,0,2,0,2,2,0
709,3.41,31,0.17,2,0,2,0.17,5,2,0,2,2,0,2,0,2,2,0
710,3.41,36,0.07,2,0,2,0.07,5,2,0,2,2,0,2,0,2,2,0
711,3.41,14,0,2,0,2,0,5,2,0,2,2,0,2,0,2,2,0
712,2.72,9,0.96,2,0,2,0.96,5,2,0,2,2,0,2,0,2,2,0
713,2.72,19,0.85,2,0,2,0.85,5,2,0,2,2,0,2,0,2,2,0
714,2.72,12,0.77,2,0,2,0.77,5,2,4.6,2,2,0,2,0,2,2,0
715,2.72,6,0.61,2,0.07,2,0.68,5,2,0,2,2,0,2,0,2,2,0
716,2.72,8,0,2,0.62,2,0.62,5,2,0,2,2,0,2,0,2,2,0
717,2.72,5,0,2,0.28,2,0.28,5,2,0,2,2,0,2,0,2,2,0
718,2.72,4,0,2,0,2,0,5,2,0,2,2,0,2,0,2,2,0
719,2.72,9,0,2,0,2,0,5,2,0,2,2,0,2,0,2,2,0
720,2.72,19,0,2,0,2,0,5,2,0,2,2,0,2,0,2,2,0
721,2.72,15,0,2,0,2,0,5,2,0,2,2,0,2,0,2,2,0
722,2.72,15,0,2,0,2,0,5,2,0,2,2,0,2,0,2,2,0
723,2.72,13,0,2,0,2,0,5,2,0,2,2,0,2,0,2,2,0
724,2.37,16,0.38,2,0.85,2,1.23,5,2,0.04,2,2,0,2,0,2,2,0
725,2.37,31,0.96,2,0.12,2,1.08,5,2,0.22,2,2,0,2,0,2,2,0
726,2.37,9,0.31,2,0.69,2,1,5,2,0,2,2,0,2,0,2,2,0
727,2.37,19,0.51,2,0.47,2,0.98,5,2,0,2,2,0,2,0,2,2,0
728,2.37,19,0.84,2,0.06,2,0.9,5,2,0.72,2,2,0,2,0,2,2,0
729,2.37,5,0.02,2,0.87,2,0.89,5,2,0.04,2,2,0,2,0,2,2,0
730,2.37,6,0.39,2,0.47,2,0.86,5,2,0,2,2,0,2,0,2,2,0
731,2.37,12,0.47,2,0.29,2,0.76,5,2,0.07,2,2,0,2,0,2,2,0
732,2.37,12,0.42,2,0.27,2,0.69,5,2,0,2,2,0,2,0,2,2,0
733,2.37,12,0.39,2,0.14,2,0.53,5,2,0.58,2,2,0,2,0,2,2,0
734,2.37,5,0.26,2,0.17,2,0.43,5,2,0,2,2,0,2,0,2,2,0
735,2.37,5,0.14,2,0.08,2,0.22,5,2,0,2,2,0,2,0,2,2,0
736,2.37,16,0.17,2,0.04,2,0.21,5,2,0,2,2,0,2,0,2,2,0
737,2.37,18,0.09,2,0,2,0.09,5,2,0,2,2,0,2,0,2,2,0
738,2.37,4,0.02,2,0.05,2,0.07,5,2,0,2,2,0,2,0,2,2,0
739,2.37,16,0.01,2,0.007,2,0.017,5,2,0,2,2,0,2,0,2,2,0
740,2.37,4,0,2,0,2,0,5,2,0.05,2,2,0,2,0,2,2,0
741,2.37,31,0,2,0,2,0,5,2,0,2,2,0,2,0,2,2,0
742,2.37,9,0,2,0,2,0,5,2,0,2,2,0,2,0,2,2,0
743,2.37,32,0,2,0,2,0,5,2,0,2,2,0,2,0,2,2,0
744,2.34,4,0,2,0,2,0,5,2,0,2,2,0,2,0,2,2,0
745,2.34,5,0,2,0,2,0,5,2,0,2,2,0,2,0,2,2,0
746,2.34,2,0,2,0,2,0,5,2,0,2,2,0,2,0,2,2,0
747,2.34,19,0,2,0,2,0,5,2,0,2,2,0,2,0,2,2,0
748,1.99,40,0.93,2,0,2,0.93,5,2,0.11,2,2,0,2,0,2,2,0
749,1.99,6,0.9,2,0,2,0.9,5,2,1.95,2,2,0,2,0,2,2,0
750,1.99,29,0.85,2,0,2,0.85,5,2,0,2,2,0,2,0,2,2,0
751,1.99,30,0.66,2,0,2,0.66,5,2,0.73,2,2,0,2,0,2,2,0
752,1.99,27,0.6,2,0,2,0.6,5,2,0,2,2,0,2,0,2,2,0
753,1.99,8,0.58,2,0,2,0.58,5,2,0,2,2,0,2,0,2,2,0
754,1.99,5,0.56,2,0,2,0.56,5,2,1.75,2,2,0,2,0,2,2,0
755,1.99,NUH,0.55,2,0,2,0.55,5,2,0.67,2,2,0,2,0,2,2,0
756,1.99,25,0.53,2,0,2,0.53,5,2,2.33,2,2,0,2,0,2,2,0
757,1.99,SAFIDON,0.48,2,0,2,0.48,5,2,0.47,2,2,0,2,0,2,2,0
758,1.99,8,0.45,2,0,2,0.45,5,2,0,2,2,0,2,0,2,2,0
759,1.99,LOHARU,0.3,2,0,2,0.3,5,2,0,2,2,0,2,0,2,2,0
760,1.99,5,0.29,2,0,2,0.29,5,2,0.06,2,2,0,2,0,2,2,0
761,1.99,13,0,2,0,2,0,5,2,0,2,2,0,2,0,2,2,0
762,1.99,18,0,2,0,2,0,5,2,0,2,2,0,2,0,2,2,0
763,1.85,32,0.78,2,0.97,2,1.75,5,2,0.97,2,2,0,2,0,2,2,0
764,1.85,5,0.71,2,0.66,2,1.37,5,2,0,2,2,0,2,0,2,2,0
765,1.85,9,0.7,2,0.6,2,1.3,5,2,0.51,2,2,0,2,0,2,2,0
766,1.85,11,0.44,2,0.62,2,1.06,5,2,0.64,2,2,0,2,0,2,2,0
767,1.85,31,0.01,2,0.91,2,0.92,5,2,0,2,2,0,2,0,2,2,0
768,1.85,43,0.18,2,0.63,2,0.81,5,2,0,2,2,0,2,0,2,2,0
769,1.85,6,0.79,2,0,2,0.79,5,2,3.54,2,2,0,2,0,2,2,0
770,1.85,6,0.65,2,0.03,2,0.68,5,2,0.14,2,2,0,2,0,2,2,0
771,1.85,2,0.17,2,0.11,2,0.28,5,2,0,2,2,0,2,0,2,2,0
772,1.85,6,0.26,2,0,2,0.26,5,2,0,2,2,0,2,0,2,2,0
773,1.85,8,0.21,2,0,2,0.21,5,2,0,2,2,0,2,0,2,2,0
774,1.85,16,0,2,0,2,0,5,2,0,2,2,0,2,0,2,2,0
775,1.85,16,0,2,0,2,0,5,2,0,2,2,0,2,0,2,2,0
776,1.85,6,0,2,0,2,0,5,2,0,2,2,0,2,0,2,2,0
